{"r2": 0.14765333443687634, "mse": 0.8530936686565153}